[
  {
    "id": 27,
    "text": "You can <a style=\"color: inherit;\" target=\"_blank\" rel=\"noopener\" href=\"https://twitter.com/MaterialUI\">follow us on Twitter</a> to receive exclusive tips and updates about Material-UI and the React ecosystem."
  },
  {
    "id": 35,
    "text": "Let's translate! <a style=\"color: inherit;\" target=\"_blank\" rel=\"noopener\" data-ga-event-category=\"l10n\" data-ga-event-action=\"notification\" data-ga-event-label=\"zh\" href=\"https://translate.material-ui.com/\">帮助 Material-UI 将文档翻译成中文</a>. 🇨🇳",
    "userLanguage": "zh"
  },
  {
    "id": 44,
    "text": "<a style=\"color: inherit;\" target=\"_blank\" rel=\"noopener\" href=\"https://twitter.com/MaterialUI/status/1179314080139612160\">Material-UI v4.5.0 is out 🎉</a>"
  },
  {
    "id": 45,
    "text": "We plan to significantly improve the date picker. <a style=\"color: inherit;\" target=\"_blank\" rel=\"noopener\" href=\"https://www.surveymonkey.com/r/5XHDL76\">Share your thoughts in our survey!</a>",
    "route": "/components/pickers"
  }
]
